iter	RMSE
0	0.2607441077
1	0.2390656714
2	0.2210723112
3	0.2101672202
4	0.1932932978
5	0.1798938263
6	0.1687295265
7	0.1597092657
8	0.1511193946
9	0.1407434939
