iter	RMSE
0	0.2784562699
1	0.2499744116
2	0.2296010069
3	0.2119513891
4	0.1924803882
5	0.1836870322
6	0.1715102469
7	0.160209059
8	0.1473539457
9	0.1440723785
